{
	"carName": "porsche_992_gt3_r",
	"basicSetup":
	{
		"tyres":
		{
			"tyreCompound": 0,
			"tyrePressure": [ 43, 49, 39, 40 ]
		},
		"alignment":
		{
			"camber": [ 0, 0, 0, 0 ],
			"toe": [ 26, 26, 46, 46 ],
			"staticCamber": [ -4.6057205200195313, -4.6019678115844727, 0.9525752067565918, 0.95335656404495239 ],
			"toeOutLinear": [ 0.00029407232068479061, 0.00029408014961518347, -0.0070553249679505825, -0.0070554274134337902 ],
			"casterLF": 30,
			"casterRF": 30,
			"steerRatio": 0
		},
		"electronics":
		{
			"tC1": 4,
			"tC2": 1,
			"abs": 4,
			"eCUMap": 7,
			"fuelMix": 0,
			"telemetryLaps": 0
		},
		"strategy":
		{
			"fuel": 60,
			"nPitStops": 0,
			"tyreSet": 0,
			"frontBrakePadCompound": 0,
			"rearBrakePadCompound": 0,
			"pitStrategy": [
				{
					"fuelToAdd": 0,
					"tyres":
					{
						"tyreCompound": 0,
						"tyrePressure": [ 43, 49, 39, 40 ]
					},
					"tyreSet": 2,
					"frontBrakePadCompound": 1,
					"rearBrakePadCompound": 1
				}
			],
			"fuelPerLap": 2.9000000953674316
		}
	},
	"advancedSetup":
	{
		"mechanicalBalance":
		{
			"aRBFront": 6,
			"aRBRear": 0,
			"wheelRate": [ 0, 0, 0, 0 ],
			"bumpStopRateUp": [ 0, 0, 0, 0 ],
			"bumpStopRateDn": [ 0, 0, 10, 10 ],
			"bumpStopWindow": [ 24, 24, 25, 25 ],
			"brakeTorque": 20,
			"brakeBias": 50
		},
		"dampers":
		{
			"bumpSlow": [ 0, 0, 0, 0 ],
			"bumpFast": [ 0, 0, 0, 0 ],
			"reboundSlow": [ 17, 17, 17, 17 ],
			"reboundFast": [ 12, 12, 12, 12 ]
		},
		"aeroBalance":
		{
			"rideHeight": [ 0, 11, 2, 18 ],
			"rodLength": [ 39.419559478759766, 39.419559478759766, -71.471794128417969, -71.471794128417969 ],
			"splitter": 0,
			"rearWing": 12,
			"brakeDuct": [ 3, 2 ]
		},
		"drivetrain":
		{
			"preload": 18
		}
	},
	"trackBopType": 11
}