{
	"carName": "porsche_992_gt3_r",
	"basicSetup":
	{
		"tyres":
		{
			"tyreCompound": 0,
			"tyrePressure": [ 45, 45, 41, 41 ]
		},
		"alignment":
		{
			"camber": [ 0, 0, 0, 0 ],
			"toe": [ 30, 30, 40, 40 ],
			"staticCamber": [ -4.7124032974243164, -4.7123942375183105, 0.37054446339607239, 0.37054720520973206 ],
			"toeOutLinear": [ 0.00015637718024663627, 0.00015638301556464285, -0.0067277215421199799, -0.0067277057096362114 ],
			"casterLF": 24,
			"casterRF": 24,
			"steerRatio": 6
		},
		"electronics":
		{
			"tC1": 4,
			"tC2": 0,
			"abs": 2,
			"eCUMap": 7,
			"fuelMix": 0,
			"telemetryLaps": 0
		},
		"strategy":
		{
			"fuel": 60,
			"nPitStops": 0,
			"tyreSet": 1,
			"frontBrakePadCompound": 0,
			"rearBrakePadCompound": 0,
			"pitStrategy": [
				{
					"fuelToAdd": 0,
					"tyres":
					{
						"tyreCompound": 0,
						"tyrePressure": [ 58, 58, 51, 51 ]
					},
					"tyreSet": 2,
					"frontBrakePadCompound": 1,
					"rearBrakePadCompound": 1
				}
			],
			"fuelPerLap": 2.9000000953674316
		}
	},
	"advancedSetup":
	{
		"mechanicalBalance":
		{
			"aRBFront": 6,
			"aRBRear": 3,
			"wheelRate": [ 4, 4, 1, 1 ],
			"bumpStopRateUp": [ 6, 6, 5, 5 ],
			"bumpStopRateDn": [ 0, 0, 10, 10 ],
			"bumpStopWindow": [ 20, 20, 15, 15 ],
			"brakeTorque": 20,
			"brakeBias": 35
		},
		"dampers":
		{
			"bumpSlow": [ 5, 5, 4, 4 ],
			"bumpFast": [ 3, 3, 3, 3 ],
			"reboundSlow": [ 13, 13, 17, 17 ],
			"reboundFast": [ 10, 10, 12, 12 ]
		},
		"aeroBalance":
		{
			"rideHeight": [ 4, 11, 12, 18 ],
			"rodLength": [ 38.665889739990234, 38.665889739990234, -63.230678558349609, -63.230678558349609 ],
			"splitter": 0,
			"rearWing": 12,
			"brakeDuct": [ 4, 4 ]
		},
		"drivetrain":
		{
			"preload": 3
		}
	},
	"trackBopType": 11
}