{
	"carName": "mclaren_720s_gt3_evo",
	"basicSetup":
	{
		"tyres":
		{
			"tyreCompound": 0,
			"tyrePressure": [ 40, 45, 37, 43 ]
		},
		"alignment":
		{
			"camber": [ 0, 0, 0, 0 ],
			"toe": [ 36, 36, 25, 25 ],
			"staticCamber": [ -4.6213521957397461, -4.6179084777832031, -4.7417573928833008, -4.7376174926757813 ],
			"toeOutLinear": [ 0.0016787013737484813, 0.0016786927590146661, 0.00049338844837620854, 0.00049339904217049479 ],
			"casterLF": 21,
			"casterRF": 21,
			"steerRatio": 2
		},
		"electronics":
		{
			"tC1": 4,
			"tC2": 2,
			"abs": 3,
			"eCUMap": 0,
			"fuelMix": 0,
			"telemetryLaps": 0
		},
		"strategy":
		{
			"fuel": 48,
			"nPitStops": 0,
			"tyreSet": 0,
			"frontBrakePadCompound": 1,
			"rearBrakePadCompound": 1,
			"pitStrategy": [
				{
					"fuelToAdd": 0,
					"tyres":
					{
						"tyreCompound": 0,
						"tyrePressure": [ 40, 45, 37, 43 ]
					},
					"tyreSet": 0,
					"frontBrakePadCompound": 1,
					"rearBrakePadCompound": 1
				}
			],
			"fuelPerLap": 3.5499999523162842
		}
	},
	"advancedSetup":
	{
		"mechanicalBalance":
		{
			"aRBFront": 5,
			"aRBRear": 3,
			"wheelRate": [ 4, 4, 4, 4 ],
			"bumpStopRateUp": [ 7, 7, 2, 2 ],
			"bumpStopRateDn": [ 0, 0, 10, 10 ],
			"bumpStopWindow": [ 7, 7, 20, 20 ],
			"brakeTorque": 20,
			"brakeBias": 40
		},
		"dampers":
		{
			"bumpSlow": [ 0, 0, 0, 0 ],
			"bumpFast": [ 0, 0, 0, 0 ],
			"reboundSlow": [ 40, 40, 40, 40 ],
			"reboundFast": [ 39, 39, 39, 39 ]
		},
		"aeroBalance":
		{
			"rideHeight": [ 0, 6, 6, 18 ],
			"rodLength": [ 51.516857147216797, 51.516857147216797, 35.287311553955078, 35.287311553955078 ],
			"splitter": 1,
			"rearWing": 9,
			"brakeDuct": [ 4, 4 ]
		},
		"drivetrain":
		{
			"preload": 5
		}
	},
	"trackBopType": 8
}