{
	"carName": "porsche_992_gt3_r",
	"basicSetup":
	{
		"tyres":
		{
			"tyreCompound": 0,
			"tyrePressure": [ 43, 49, 39, 40 ]
		},
		"alignment":
		{
			"camber": [ 0, 0, 0, 0 ],
			"toe": [ 26, 26, 46, 46 ],
			"staticCamber": [ -4.6060361862182617, -4.6022686958312988, 0.37417358160018921, 0.37495046854019165 ],
			"toeOutLinear": [ 0.00029397854814305902, 0.00029397488106042147, -0.0069832890294492245, -0.0069833705201745033 ],
			"casterLF": 30,
			"casterRF": 30,
			"steerRatio": 0
		},
		"electronics":
		{
			"tC1": 4,
			"tC2": 1,
			"abs": 4,
			"eCUMap": 7,
			"fuelMix": 0,
			"telemetryLaps": 0
		},
		"strategy":
		{
			"fuel": 60,
			"nPitStops": 0,
			"tyreSet": 0,
			"frontBrakePadCompound": 0,
			"rearBrakePadCompound": 0,
			"pitStrategy": [
				{
					"fuelToAdd": 0,
					"tyres":
					{
						"tyreCompound": 0,
						"tyrePressure": [ 43, 49, 39, 40 ]
					},
					"tyreSet": 2,
					"frontBrakePadCompound": 1,
					"rearBrakePadCompound": 1
				}
			],
			"fuelPerLap": 3
		}
	},
	"advancedSetup":
	{
		"mechanicalBalance":
		{
			"aRBFront": 3,
			"aRBRear": 2,
			"wheelRate": [ 3, 3, 4, 4 ],
			"bumpStopRateUp": [ 7, 7, 4, 4 ],
			"bumpStopRateDn": [ 0, 0, 10, 10 ],
			"bumpStopWindow": [ 12, 12, 24, 24 ],
			"brakeTorque": 20,
			"brakeBias": 44
		},
		"dampers":
		{
			"bumpSlow": [ 0, 0, 0, 0 ],
			"bumpFast": [ 0, 0, 0, 0 ],
			"reboundSlow": [ 17, 17, 17, 17 ],
			"reboundFast": [ 12, 12, 12, 12 ]
		},
		"aeroBalance":
		{
			"rideHeight": [ 0, 11, 12, 18 ],
			"rodLength": [ 36.012310028076172, 36.012310028076172, -65.673667907714844, -65.673667907714844 ],
			"splitter": 0,
			"rearWing": 12,
			"brakeDuct": [ 3, 2 ]
		},
		"drivetrain":
		{
			"preload": 18
		}
	},
	"trackBopType": 8
}