{
	"carName": "mclaren_720s_gt3_evo",
	"basicSetup":
	{
		"tyres":
		{
			"tyreCompound": 0,
			"tyrePressure": [ 47, 56, 40, 49 ]
		},
		"alignment":
		{
			"camber": [ 0, 0, 0, 0 ],
			"toe": [ 43, 43, 20, 20 ],
			"staticCamber": [ -4.6125211715698242, -4.6065177917480469, -4.3607840538024902, -4.3546261787414551 ],
			"toeOutLinear": [ 0.0016214936040341854, 0.0016215132782235742, 0.0003374073130544275, 0.000337406643666327 ],
			"casterLF": 20,
			"casterRF": 20,
			"steerRatio": 0
		},
		"electronics":
		{
			"tC1": 3,
			"tC2": 5,
			"abs": 4,
			"eCUMap": 0,
			"fuelMix": 0,
			"telemetryLaps": 0
		},
		"strategy":
		{
			"fuel": 60,
			"nPitStops": 0,
			"tyreSet": 0,
			"frontBrakePadCompound": 1,
			"rearBrakePadCompound": 1,
			"pitStrategy": [
				{
					"fuelToAdd": 0,
					"tyres":
					{
						"tyreCompound": 0,
						"tyrePressure": [ 40, 51, 38, 47 ]
					},
					"tyreSet": 0,
					"frontBrakePadCompound": 1,
					"rearBrakePadCompound": 1
				}
			],
			"fuelPerLap": 2.6600000858306885
		}
	},
	"advancedSetup":
	{
		"mechanicalBalance":
		{
			"aRBFront": 6,
			"aRBRear": 3,
			"wheelRate": [ 4, 4, 6, 6 ],
			"bumpStopRateUp": [ 7, 7, 2, 2 ],
			"bumpStopRateDn": [ 0, 0, 10, 10 ],
			"bumpStopWindow": [ 2, 2, 20, 20 ],
			"brakeTorque": 20,
			"brakeBias": 45
		},
		"dampers":
		{
			"bumpSlow": [ 0, 0, 0, 0 ],
			"bumpFast": [ 0, 0, 0, 0 ],
			"reboundSlow": [ 40, 40, 40, 40 ],
			"reboundFast": [ 39, 39, 39, 39 ]
		},
		"aeroBalance":
		{
			"rideHeight": [ 5, 6, 0, 18 ],
			"rodLength": [ 56.304885864257813, 56.304885864257813, 26.622385025024414, 26.622385025024414 ],
			"splitter": 0,
			"rearWing": 7,
			"brakeDuct": [ 4, 4 ]
		},
		"drivetrain":
		{
			"preload": 2
		}
	},
	"trackBopType": 6
}